Inquiries_English,Main_Topic,Sub_Topic,Sub_Topic_English,Sub_Topic_Question,Established_Response,Established_Response_Tagalog
Where can one look for jobs in Saudi Arabia?,Pre-Deployment,Paghahanap ng Trabaho at Ahensya,Job Search and Agencies,Saan pwede maghanap ng trabaho sa Saudi Arabia?,"To find legitimate job advertisements and recruitment agencies, kindly visit the Department of Migrant Workers website (https://dmw.gov.ph/approved-job-orders) and their facebook page https://www.facebook.com/dmw.gov.ph. You may also inquire aryour local Public Employment Service Office (PESO). REMINDER :  Do your research, ask questions, and beware of illegal recruiters!","Upang makahanap ng mga lehitimong ad ng trabaho at mga ahensya ng recruitment, mabait na bisitahin ang website ng Kagawaran ng Migrant Workers (https://dmw.gov.ph/approved-job-orders) at kanilang pahina sa Facebook https://www.facebook.com/dmw.gov.ph.Maaari mo ring tanungin ang Aryour Local Public Employment Service Office (PESO).Paalala: Gawin ang iyong pananaliksik, magtanong, at mag -ingat sa mga iligal na recruiter!"
How long is the contract in Saudi Arabia?,Pre-Deployment,Mga Kontrata at Mga Kailangan,Contracts and Requirements,Gaano katagal ang kontrata sa Saudi Arabia?,"For Household Service Workers (HSW) or domestic workers, the standard employment contract duration is 2 years. For non-HSW, the standard contract duration is  also 2 years. To know more about this, kindly visit the Department of Migrant Workers website at https://dmw.gov.ph/approved-job-orders. andtheir facebook page https://www.facebook.com/dmw.gov.ph. ","Para sa mga manggagawa sa serbisyo ng sambahayan (HSW) o mga manggagawa sa domestic, ang karaniwang tagal ng kontrata sa pagtatrabaho ay 2 taon.Para sa non-HSW, ang karaniwang tagal ng kontrata ay 2 taon din.Upang malaman ang higit pa tungkol dito, mabait na bisitahin ang website ng Kagawaran ng Migrant Workers sa https://dmw.gov.ph/approved-job-order.at ang pahina ng Facebook https://www.facebook.com/dmw.gov.ph."
How much is the salary of a domestic worker in Saudi Arabia?,Pre-Deployment,Sahod at Kompensasyon,Salaries and Compensation,Magkano ang sahod ng domestic worker sa Saudi Arabia?,"The standard salary for domestic workers (Household Service Workers, HSWs) in Saudi Arabia is typically 1,500 Saudi Riyals per month.  In addition, under DMW's existing rules and regulations, a ""no placement fee policy"" is being implemented for the processing of domestic workers regardless of destination, for further details kindly see, https://dmw.gov.ph/resources/dsms/DMW/ISN-EXT/2024/DMW-ADVISORY-10-2024.pdf. REMINDER :  Do your research, ask questions, and beware of illegal recruiters!","Ang pamantayang suweldo para sa mga domestic worker (Workers Service Workers, HSWS) sa Saudi Arabia ay karaniwang 1,500 saudi riyals bawat buwan.Bilang karagdagan, sa ilalim ng umiiral na mga patakaran at regulasyon ng DMW, ang isang ""walang patakaran sa paglalagay ng bayad"" ay ipinatutupad para sa pagproseso ng mga domestic worker anuman ang patutunguhan, para sa karagdagang mga detalye na mabait na makita, https://dmw.gov.ph/resources/dsms/DMW/ISN-ext/2024/DMW-Advisory-10-2024.pdf.Paalala: Gawin ang iyong pananaliksik, magtanong, at mag -ingat sa mga iligal na recruiter!"
How much is the salary of an OFW in Saudi Arabia?,Pre-Deployment,Sahod at Kompensasyon,Salaries and Compensation,Magkano ang sahod isang OFW sa Saudi Arabia?,"Please visit the website of the Department of Migrant Workers and search for your desired job position and country of destination in the approved job orders (https://dmw.gov.ph/approved-job-orders), or send a message to their Facebook page https://www.facebook.com/dmw.gov.ph. Do your research, ask questions, and beware of illegal recruiters!","Mangyaring bisitahin ang website ng Kagawaran ng Migrant Workers at maghanap para sa iyong nais na posisyon sa trabaho at bansa ng patutunguhan sa naaprubahan na mga order ng trabaho (https://dmw.gov.ph/approved-job-order), o magpadala ng mensahe sa kanilangPahina ng Facebook https://www.facebook.com/dmw.gov.ph.Gawin ang iyong pananaliksik, magtanong, at mag -ingat sa mga iligal na recruiter!"
How can you verify if the recruitment agency is legitimate?,Pre-Deployment,Paghahanap ng Trabaho at Ahensya,Job Search and Agencies,Paano malalaman kung legit ang recruitment agency?,"To verify if a recruitment agency is legitimate, please visit the Department of Migrant Workers website  https://dmw.gov.ph/licensed-recruitment-agencies and search for licensed recruitment agencies. You can also check their approved job orders and contact them through their official channels for further verification.  Here, you can check the status of the recruitment agency, whether it is licensed, suspended, permanently banned, or closed.                                                                                                                                                                                                                                          
                                                                                                                                                                                                                                                                                                                                                                                                                                                                                                            
 Beware of illegal recruiters! Here are the signs of an illegal recruiter:

Not Registered with POEA: Always check the recruitment agency's status on the POEA website to see if they are licensed, suspended, permanently banned, or closed.
Immediate Request for Placement Fee Without Receipt: Legitimate agencies will always provide an official receipt for any payments.
Medical Exam Without Clear Employer: Ensure you know the specific employer before undergoing any medical exams.
Lack of Job Details: Be cautious if the recruiter is secretive about the job details.
Tourist Visa Instead of Working Visa: Applying for a tourist visa with the intent to work is illegal and unsafe.
Promises of Quick Departure: Legitimate job processes take time, so be wary of promises for quick departures.
No Valid ID: Always ask for valid identification from the recruiter.
No Employment Contract: A reputable job offer always includes a contract.
No Office: Insist on meeting at the agency’s office, not in informal places.
Showcases Success Stories: Be skeptical of success claims without verifiable proof.     ","Upang mapatunayan kung ang isang ahensya ng pangangalap ay lehitimo, mangyaring bisitahin ang website ng Kagawaran ng Migrant Workers https://dmw.gov.ph/licensed-recruitment-agencies at paghahanap para sa mga lisensyadong ahensya ng recruitment.Maaari mo ring suriin ang kanilang naaprubahang mga order ng trabaho at makipag -ugnay sa kanila sa pamamagitan ng kanilang mga opisyal na channel para sa karagdagang pag -verify.Dito, maaari mong suriin ang katayuan ng ahensya ng recruitment, kung ito ay lisensyado, suspindihin, permanenteng ipinagbawal, o sarado.

Mag -ingat sa mga iligal na recruiter!Narito ang mga palatandaan ng isang iligal na recruiter:

Hindi nakarehistro sa POEA: Laging suriin ang katayuan ng ahensya ng recruitment sa website ng POEA upang makita kung lisensyado sila, nasuspinde, permanenteng ipinagbawal, o sarado.
Agarang kahilingan para sa bayad sa paglalagay nang walang resibo: Ang mga lehitimong ahensya ay palaging magbibigay ng isang opisyal na resibo para sa anumang mga pagbabayad.
Medikal na pagsusulit nang walang malinaw na employer: Tiyaking alam mo ang tukoy na employer bago sumailalim sa anumang mga medikal na pagsusulit.
Kakulangan ng mga detalye ng trabaho: Maging maingat kung ang recruiter ay lihim tungkol sa mga detalye ng trabaho.
Ang visa ng turista sa halip na nagtatrabaho visa: ang pag -aaplay para sa isang visa ng turista na may hangarin na magtrabaho ay ilegal at hindi ligtas.
Mga Pangako ng Mabilis na Pag -alis: Ang mga lehitimong proseso ng trabaho ay tumatagal ng oras, kaya't maging maingat sa mga pangako para sa mabilis na pag -alis.
Walang wastong ID: Laging humingi ng wastong pagkakakilanlan mula sa recruiter.
Walang kontrata sa pagtatrabaho: Ang isang kagalang -galang na alok sa trabaho ay palaging may kasamang kontrata.
Walang Opisina: Iginiit ang pagpupulong sa tanggapan ng ahensya, hindi sa mga impormal na lugar.
Ipinapakita ang mga kwentong tagumpay: Maging may pag -aalinlangan sa mga paghahabol sa tagumpay nang walang napatunayan na patunay."
What is PESO?,Pre-Deployment,Paghahanap ng Trabaho at Ahensya,Job Search and Agencies,Ano ang PESO?,"The Public Employment Service Office (PESO) is a non-fee charging multi-employment service facility or entity established or accredited pursuant to Republic Act No. 8759, otherwise known as the PESO Act of 1999. The Act provides that in order to carry out full employment and equality of employment opportunities for all, and to strengthen and expand the existing employment facilitation service machinery of the government particularly at the local levels, there shall be established in all capital towns of provinces, key cities, and other strategic areas a Public Employment Service Office.

The PESO's are community-based and maintained largely by local government units (LGU's) and a number of non-governmental organizations (NGO's) or community-based organizations (CBO's) and state universities and colleges (SUC's). The PESO's are linked to the regional offices of the Department of Labor and Employment (DOLE) for coordination and technical supervision, and to the DOLE central office, to constitute the national employment service network.                                                                                                                                               Services of PESO for OFWs or Migrant Workers:

Job Fairs: Connects job seekers with employers for immediate job matching.
Reintegration Assistance: Helps returning Filipino migrant workers reintegrate into society.
Employment Counseling: Provides career guidance, pre-employment counseling, and orientation.
Livelihood Programs: Offers information on livelihood and self-employment opportunities.
Special Credit Assistance: Enables qualified applicants to avail opportunities for overseas employment.  (https://peis.philjobnet.ph/peso.aspx)","Ang Public Employment Service Office (PESO) ay isang hindi bayad na pagsingil ng Multi-Employment Service Facility o Entity na itinatag o akreditado alinsunod sa Republic Act No. 8759, kung hindi man kilala bilang Peso Act of 1999. Ang Batas ay nagbibigay na upang maisagawaBuong trabaho at pagkakapantay -pantay ng mga oportunidad sa pagtatrabaho para sa lahat, at upang palakasin at mapalawak ang umiiral na makinarya ng serbisyo ng pagpapadali ng trabaho lalo na sa mga lokal na antas, dapat na maitatag sa lahat ng mga kabisera ng bayan ng mga lalawigan, pangunahing mga lungsod, at iba pang mga madiskarteng lugar ng isang publikoOpisina ng Serbisyo sa Trabaho.

Ang PESO ay batay sa pamayanan at pinananatili ng mga lokal na yunit ng gobyerno (LGU) at isang bilang ng mga non-government organization (NGO's) o mga organisasyong nakabase sa komunidad (CBO's) at mga unibersidad ng estado at kolehiyo (SUC's).Ang PESO's ay naka -link sa mga tanggapan ng rehiyon ng Department of Labor and Employment (DOLE) para sa koordinasyon at teknikal na pangangasiwa, at sa Dole Central Office, upang maging bumubuo ng National Employment Service Network.Mga Serbisyo ng Peso para sa OFWS o Migrant Workers:

Job Fairs: Nag -uugnay sa mga naghahanap ng trabaho sa mga employer para sa agarang pagtutugma sa trabaho.
Tulong sa Reintegration: Tumutulong sa pagbabalik ng mga manggagawa sa migranteng Pilipino na muling nag -iisa sa lipunan.
Pagpapayo sa Trabaho: Nagbibigay ng gabay sa karera, pagpapayo sa pre-employment, at oryentasyon.
Mga Programa sa Kabuhayan: Nag-aalok ng impormasyon tungkol sa mga pagkakataon sa kabuhayan at pagtatrabaho sa sarili.
Espesyal na Tulong sa Credit: Pinapayagan ang mga kwalipikadong aplikante na magkaroon ng mga pagkakataon para sa trabaho sa ibang bansa.(https://peis.philjobnet.ph/peso.aspx)"
Where is the office of OWWA?,Pre-Deployment,Paghahanap ng Trabaho at Ahensya,Job Search and Agencies,Saan ang opisina ng OWWA?,"OWWA Central Office

Full Name: Overseas Workers Welfare Administration (OWWA)
Address: F.B. Harrison St, Pasay, Metro Manila
Contact Numbers: 8891-7601 to 24
To find the nearest OWWA office or OWWA welfare regional offices, click the link https://owwa.gov.ph/?page_id=4172","Owwa Central Office

Buong Pangalan: Overseas Workers Welfare Administration (OWWA)
Address: F.B.Harrison St, Pasay, Metro Manila
Mga Numero ng Makipag-ugnay: 8891-7601 hanggang 24
Upang mahanap ang pinakamalapit na tanggapan ng OWWA o OWWA Welfare Regional Office, i -click ang link https://owwa.gov.ph/?page_id=4172"
Where is the office of DMW?,Pre-Deployment,Paghahanap ng Trabaho at Ahensya,Job Search and Agencies,Saan ang opisina ng DMW?,"The Department of Migrant Workers (DMW) office is located at Blas F. Ople Building, Ortigas Ave., Cor. EDSA Ave., Mandaluyong City.

For inquiries, you can call their hotline at 8-722-1144 or 8-722-1155. You can also send them a message on their Facebook page - https://www.facebook.com/dmw.gov.ph/","Ang tanggapan ng Kagawaran ng Migrant Workers (DMW) ay matatagpuan sa Blas F. Ople Building, Ortigas Ave., cor.Edsa Ave., Lungsod ng Mandaluyong.

Para sa mga katanungan, maaari kang tumawag sa kanilang hotline sa 8-722-1144 o 8-722-1155.Maaari ka ring magpadala sa kanila ng isang mensahe sa kanilang pahina sa Facebook - https://www.facebook.com/dmw.gov.ph/"
Where is the office of DFA?,Pre-Deployment,Paghahanap ng Trabaho at Ahensya,Job Search and Agencies,Saan ang opisina ng DFA?,"The DFA Office of Consular Affairs (DFA-OCA) is located at ASEANA Business Park, Pres. Diosdado Macapagal Blvd. cor. Bradco Ave., Brgy. Tambo, Parañaque City 1700, Philippines.

For more information:

Facebook: DFA Facebook Page - https://www.facebook.com/dfaphl
Website: DFA-OCA Website - https://dfa-oca.ph/
Contact Numbers: For various services, https://dfa-oca.ph/contact-us/","Ang DFA Office of Consular Affairs (DFA-OCA) ay matatagpuan sa ASEANA Business Park, Pres.Diosdado Macapagal Blvd.cor.Bradco Ave., Brgy.Tambo, Parañaque City 1700, Pilipinas.

Para sa karagdagang impormasyon:

Facebook: DFA Facebook Page - https://www.facebook.com/dfaphl
Website: DFA-OCA Website-https://dfa-oca.ph/
Mga Numero ng Makipag-ugnay: Para sa iba't ibang mga serbisyo, https://dfa-oca.ph/contact-us/"
What are the requirements that need to be submitted to the recruitment agency?,Pre-Deployment,Mga Kontrata at Mga Kailangan,Contracts and Requirements,Ano ang mga requirements na kailangan na ipasa sa recruitment agency ?,"The Overseas Filipino Worker shall pay the following fees and costs:
a. Documentation costs:
1. Passport;
2. NBI/Police/Barangay Clearance;
3. NSO authenticated birth certificate;
4. Transcript of Records and diploma issued by the school, certified by the
CHED and authenticated by the DFA;
5. Professional license issued by the PRC, authenticated by the DFA;
6. Certificate of Competency issued by TESDA or other competent
certifying body for the job applied for; and
7. DOH prescribed medical/health examination, based on the host country
medical protocol.
b. Membership with Philhealth, Pag-Ibig and the Social Security System. (Section
50)","Ang Overseas Filipino Worker ay dapat magbayad ng mga sumusunod na bayarin at gastos:
a.Mga Gastos sa Dokumentasyon:
1. Pasaporte;
2. NBI/Pulis/Barangay Clearance;
3. NSO napatunayan na sertipiko ng kapanganakan;
4. Transcript ng mga talaan at diploma na inisyu ng paaralan, na sertipikado ng
Ched at napatunayan ng DFA;
5. Ang lisensya ng propesyonal na inisyu ng PRC, na napatunayan ng DFA;
6. Sertipiko ng Kumpetisyon na inilabas ng TESDA o iba pang karampatang
Ang pagpapatunay ng katawan para sa trabaho na inilalapat para sa;at
7. Inireseta ng DOH ang pagsusuri sa medikal/kalusugan, batay sa host bansa
Medical Protocol.
b.Pagiging kasapi sa PhilHealth, PAG-IBIG at ang Social Security System.(Seksyon
50)"
"Which documents should be submitted for contract processing and documentation   
of new hires?",Pre-Deployment,Mga Kontrata at Mga Kailangan,Contracts and Requirements,Aling mga dokumento ang dapat isumite para sa pagproseso at dokumentasyon ng kontrata ng mga bagong hire?,"The following documents shall be submitted for contract processing and documentation   
of new hires:
a. Request for processing (RFP) using the POEA-prescribed form indicating the
following:
1. name of OFW;
2. position;
3. salary;
4. contract duration;
5. job site;
6. particulars of certificate of cover of mandatory insurance; and
7. name of principal based on the POEA-approved master
employment contract.
b. Passport valid at least six (6) months from the intended date of departure;
c. Valid and appropriate visa;
d. Individual verified employment contracts for low/semi-skilled workers;
e. One-page summary of the contract for other highly-skilled and professional
Overseas Filipino Workers containing the following basic contract provisions:
1. name, birthdate, and sex of the worker;
2. name of employer;
3. job site;
4. position;
5. basic salary, overtime pay, and allowances;
6. food and accommodation;
7. contract duration; and                                                                                                      f. Pre-Employment Orientation Seminar (PEOS) and Pre-Departure Orientation
Seminar (PDOS) Certificates;
g. Certificate of medical fitness issued by DOH-accredited medical clinics for
OFWs;
8
h. Educational attainment; and
i. TESDA Skill Certification                                                                                                           ","Ang mga sumusunod na dokumento ay dapat isumite para sa pagproseso at dokumentasyon ng kontrata
ng mga bagong hires:
a.Humiling para sa pagproseso (RFP) gamit ang form na inireseta ng POEA na nagpapahiwatig ng
sumusunod:
1. Pangalan ng OFW;
2. Posisyon;
3. Salary;
4. Tagal ng Kontrata;
5. site ng trabaho;
6. Mga detalye ng sertipiko ng takip ng mandatory insurance;at
7. Pangalan ng punong-guro batay sa master na inaprubahan ng POEA
kontrata sa pagtatrabaho.
b.Ang wastong pasaporte ng hindi bababa sa anim (6) buwan mula sa inilaan na petsa ng pag -alis;
c.May bisa at naaangkop na visa;
d.Indibidwal na na-verify na mga kontrata sa pagtatrabaho para sa mga mababang/semi-bihasang manggagawa;
e.Isang pahina ng buod ng kontrata para sa iba pang may kasanayan at propesyonal
Ang mga manggagawa sa Overseas na naglalaman ng mga sumusunod na pangunahing probisyon ng kontrata:
1. Pangalan, kapanganakan, at kasarian ng manggagawa;
2. Pangalan ng employer;
3. site ng trabaho;
4. Posisyon;
5. Pangunahing suweldo, pagbabayad ng overtime, at mga allowance;
6. Pagkain at tirahan;
7. Tagal ng Kontrata;at f.Pre-Employment Orientation Seminar (PEOS) at Pre-Departure Orientation
Mga sertipiko ng Seminar (PDO);
g.Sertipiko ng medikal na fitness na inisyu ng DOH-accredited na mga klinika sa medisina para sa
OFWS;
8
h.Nakamit na pang -edukasyon;at
i.Sertipikasyon ng kasanayan sa TESDA"
"Which documents should be submitted for contract processing and documentation   
of newly hired domestic workers?",Pre-Deployment,Mga Kontrata at Mga Kailangan,Contracts and Requirements,Aling mga dokumento ang dapat isumite para sa pagproseso at dokumentasyon ng kontrata ng mga bagong upahang kasambahay?,"The following documents shall be submitted for contract processing and documentation
of newly hired domestic workers
a. Request for processing (RFP) using POEA prescribed form indicating the
following:
1. name of OFW;
2. position;
3. salary;
4. contract duration;
5. job site;
6. particulars of certificate of cover of mandatory insurance; and
7. name of the foreign placement agency and the employer.
b. Passport valid at least six (6) months from the intended date of departure;
c. Valid and appropriate visa;
d. Individual verified employment contract;
e. Pre-Employment Orientation Seminar (PEOS), Pre-Departure Orientation
Seminar (PDOS), and Comprehensive Pre-Departure Education Program
(CPDEP) Certificates;
f. Certificate of medical fitness issued by DOH-accredited medical clinics for
OFWs; and
g. TESDA Skill Certification. (Section 118)","Ang mga sumusunod na dokumento ay dapat isumite para sa pagproseso at dokumentasyon ng kontrata
ng mga bagong upahan na domestic worker
a.Humiling para sa pagproseso (RFP) gamit ang form na inireseta ng POEA na nagpapahiwatig ng
sumusunod:
1. Pangalan ng OFW;
2. Posisyon;
3. Salary;
4. Tagal ng Kontrata;
5. site ng trabaho;
6. Mga detalye ng sertipiko ng takip ng mandatory insurance;at
7. Pangalan ng Foreign Placement Agency at ang employer.
b.Ang wastong pasaporte ng hindi bababa sa anim (6) buwan mula sa inilaan na petsa ng pag -alis;
c.May bisa at naaangkop na visa;
d.Indibidwal na na -verify na kontrata sa pagtatrabaho;
e.Pre-Employment Orientation Seminar (PEOS), Pre-Departure Orientation
Seminar (PDO), at komprehensibong programa ng edukasyon ng pre-departure
(CPDEP) Mga sertipiko;
f.Sertipiko ng medikal na fitness na inisyu ng DOH-accredited na mga klinika sa medisina para sa
OFWS;at
g.Sertipikasyon ng kasanayan sa TESDA.(Seksyon 118)"
Where can I go for more information?,Pre-Deployment,Pagbabalik at Karagdagang Impormasyon,Returning and Additional Information,Saan ako maaaring pumunta para sa karagdagang impormasyon?,For further information kindly see - https://dmw.gov.ph/archives/laws&rules/files/Q%20&%20A%20on%20Revised%20POEA%20Rules%202016.pdf or call the Department of Migrant Worker's hotline  at 8-722-1144 or 8-722-1155,Para sa karagdagang impormasyon na mabait tingnan - https://dmw.gov.ph/archives/laws&rules/files/q%20&%20A%20on%20Revised%20poea%20rules%202016.pdf o tawagan ang hotline ng kagawaran ng migrant worker sa 8-722-1144 o 8-722-1155
Is it possible to return after the contract ends?,Pre-Deployment,Pagbabalik at Karagdagang Impormasyon,Returning and Additional Information,Pwede ba bumalik kapag natapos ang kontrata?,"Yes, OFWs (Overseas Filipino Workers) can work again even if their contract is finished. They can renew their contracts with the same employer or find new employment opportunities either in the same country or in another. It's essential to ensure that all necessary legal and administrative procedures are followed, including securing the appropriate work permits and visas. For assistance and more information, OFWs can contact the Department of Migrant Workers (DMW) or visit their website for job prospects. ","Oo, ang mga OFW (sa ibang bansa na manggagawa sa Pilipino) ay maaaring gumana muli kahit na ang kanilang kontrata ay tapos na.Maaari nilang i -renew ang kanilang mga kontrata sa parehong employer o makahanap ng mga bagong oportunidad sa pagtatrabaho sa parehong bansa o sa isa pa.Mahalaga upang matiyak na ang lahat ng kinakailangang mga pamamaraan sa ligal at administratibo ay sinusunod, kasama na ang pag -secure ng naaangkop na mga permit sa trabaho at visa.Para sa tulong at karagdagang impormasyon, ang mga OFW ay maaaring makipag -ugnay sa Kagawaran ng Migrant Workers (DMW) o bisitahin ang kanilang website para sa mga prospect sa trabaho."
What is PDOS?,Pre-Deployment,Oriyantrasyon at Sertipikasyon,Orientation and Certification,Ano ang PDOS?,"Pre Departure Orientations Seminar or PDOs stands in contrast to the PEOS. The PDOS is conducted just immediately, prior to departure or when migrants already have a contract of work.For further details kindly click this link - https://owwa.gov.ph/?page_id=4136","Ang Pre Pag -alis ng Orientasyon Seminar o PDOS ay nakatayo sa kaibahan sa mga PEO.Ang mga PDO ay isinasagawa kaagad, bago ang pag -alis o kapag ang mga migrante ay mayroon nang isang kontrata ng trabaho.Para sa karagdagang mga detalye mabait na i -click ang link na ito - https://owwa.gov.ph/?page_id=4136"
,Pre-Deployment,Oriyantrasyon at Sertipikasyon,Orientation and Certification,Kailangan mo ba ng gabay para makakuha ng Overseas Employment Certificate (OEC)?,"REMINDER :  
Before your departure, make sure to take pictures of your contract, passport, and Iqama. Send these to your relatives or make photocopies. This way, if you need assistance, you can be easily located. Having these documents readily available will help authorities or support services find you quickly and provide the necessary aid.","Paalala:
Bago ang iyong pag -alis, tiyaking kumuha ng litrato ng iyong kontrata, pasaporte, at IQAMA.Ipadala ito sa iyong mga kamag -anak o gumawa ng mga photocopies.Sa ganitong paraan, kung kailangan mo ng tulong, madali kang matatagpuan.Ang pagkakaroon ng mga dokumentong ito ay madaling magagamit ay makakatulong sa mga awtoridad o mga serbisyo ng suporta na makahanap ka ng mabilis at magbigay ng kinakailangang tulong."
What is iqama?,Sahod o Wages,Pangkalahatang Impormasyon,General Information,Ano ang iqama?,"
An Iqama is a residence permit issued to foreign nationals in Saudi Arabia, allowing them to live and work in the country. It serves as an official identification card and contains essential details such as the holder's name, nationality, job title, employer, and Iqama number. The Iqama must be carried at all times and is typically renewed annually. ","Ang isang IQAMA ay isang permit sa paninirahan na inisyu sa mga dayuhang nasyonalidad sa Saudi Arabia, na nagpapahintulot sa kanila na manirahan at magtrabaho sa bansa.Nagsisilbi itong isang opisyal na kard ng pagkakakilanlan at naglalaman ng mga mahahalagang detalye tulad ng pangalan ng may -hawak, nasyonalidad, pamagat ng trabaho, employer, at numero ng IQAMA.Ang iqama ay dapat dalhin sa lahat ng oras at karaniwang binabago taun -taon."
What is PAOS,Sahod o Wages,Pangkalahatang Impormasyon,General Information,Ano ang PAOS?,"The PAOS, or Post Arrival Orientation Seminar, is an orientation seminar that an OFW (Overseas Filipino Worker) undergoes upon arrival in the host country. The employer must also attend the seminar. Additionally, a representative from the Foreign Recruitment Agency (FRA) or the Migrant Workers Office (MWO) and the Philippine Embassy must be present. They will explain the rights and obligations of both the worker and the employer according to the contract and the labor laws of the host country.","Ang PAOS, o pag -post ng orientation orientation seminar, ay isang orientation seminar na ang isang OFW (sa ibang bansa na manggagawa sa Pilipino) ay sumailalim sa pagdating sa host country.Dapat ding dumalo ang employer sa seminar.Bilang karagdagan, ang isang kinatawan mula sa Foreign Recruitment Agency (FRA) o ang Migrant Workers Office (MWO) at ang Embahada ng Pilipinas ay dapat na naroroon.Ipapaliwanag nila ang mga karapatan at obligasyon ng kapwa manggagawa at employer ayon sa kontrata at mga batas sa paggawa ng host bansa."
What is the meaning of Khadama?,Sahod o Wages,Pangkalahatang Impormasyon,General Information,Ano ang ibig sabihin ng khadama?,Domestic worker,Domestic worker
"I am being abused by my employer, where can I ask for help?",Sahod o Wages,Pag-aabuso at Pag-uulat,Abuse and Reporting,"Inaabuso po ako ng amo ko, saan po pwedeng humingi ng tulong?","If you are being abused by your employer or recruitment agency, please report it to the nearest Migrant Workers Office (MWO) or Philippine Overseas Labor Office (POLO). You can text or call them. Find the nearest MWO/POLO and their contact details in this directory - https://owwa.gov.ph/wp-content/uploads/2022/09/DIRECTORY-OF-OVERSEAS-POSTS-For-Dissemination.pdf
If you need further assistance, please wait for a CMA caseworker to assist you. In the meantime, instruct your family members in the Philippines to report your concern. They can contact the hotline at 1348 or email repat@dmw.gov.ph.
To report to your OWWA regional welfare office, click this https://owwa.gov.ph/wp-content/uploads/2022/08/RWOs-Directory-as-of-08262022-2.pdf                                                                                          In cases where the employer violates the worker's rights, including issues of abuse, the law  (Migrant Workers Act of 1995 or RA 8042 stipulates that the employer and the recruitment agency are jointly liable for all claims and damages, ensuring that the worker has avenues for seeking redress and compensation.

Stay strong and know that help is on the way. You've taken an important step by reporting the abuse. Find a safe place to wait and focus on your breathing. You're not alone, and a caseworker will assist you soon.","Kung inaabuso ka ng iyong employer o ahensya ng recruitment, mangyaring iulat ito sa pinakamalapit na Migrant Workers Office (MWO) o Philippine Overseas Labor Office (POLO).Maaari kang mag -text o tawagan ang mga ito.Hanapin ang pinakamalapit na MWO/POLO at ang kanilang mga detalye ng contact sa direktoryo na ito-https://owwa.gov.ph/wp-content/uploads/2022/09/directory-of-overseas-posts-for-dissemination.pdf
Kung kailangan mo ng karagdagang tulong, mangyaring maghintay para sa isang CMA caseworker na tulungan ka.Samantala, turuan ang mga miyembro ng iyong pamilya sa Pilipinas na iulat ang iyong pag -aalala.Maaari silang makipag -ugnay sa hotline sa 1348 o mag -email sa repat@dmw.gov.ph.
Upang mag-ulat sa iyong Owwa Regional Welfare Office, i-click ang https://owwa.gov.ph/wp-content/uploads/2022/08/rwos-directory-as-of-08262022-2.pdf sa mga kaso kung saan lumalabag ang employerAng mga karapatan ng manggagawa, kabilang ang mga isyu ng pang -aabuso, ang batas (Migrant Workers Act of 1995 o RA 8042 ay nagtatakda na ang employer at ahensya ng recruitment ay magkakasamang mananagot para sa lahat ng mga pag -angkin at pinsala, tinitiyak na ang manggagawa ay may mga paraan para sa paghanap ng redress at kabayaran.

Manatiling malakas at alamin na ang tulong ay nasa daan.Gumawa ka ng isang mahalagang hakbang sa pamamagitan ng pag -uulat ng pang -aabuso.Maghanap ng isang ligtas na lugar upang maghintay at tumuon sa iyong paghinga.Hindi ka nag -iisa, at tutulungan ka ng isang caseworker sa lalong madaling panahon."
Where can I report if my employer is not giving me my salary?,Sahod o Wages,Pag-aabuso at Pag-uulat,Abuse and Reporting,Saan pwede magreport kung hindi binibigay ng amo ko ang sahod ko?,"First, ensure you have a record of your unpaid salary and your employment contract. Next, report it to your recruitment agency. If your recruitment agency does not assist you, report it to the nearest Migrant Workers Office (MWO) or Philippine Overseas Labor Office (POLO). You can text or call them. Find the nearest MWO and their contact details in the directory - https://owwa.gov.ph/wp-content/uploads/2022/09/DIRECTORY-OF-OVERSEAS-POSTS-For-Dissemination.pdf

The MWO ensures the protection of the rights and promotes the welfare and interests of overseas Filipino migrant workers, assisting with all employer-employee relationship issues.                                                                                                                                                                                                          REMEMBER: According to the POEA Standard Employment Contract for Filipino Household Service Workers (HSWs) Bound for the Kingdom of Saudi Arabia (2013):

“The employer shall open a bank account for the HSW in KSA, subject to SAMA rules and regulations, and shall deposit regularly every end of the month the salary of the HSW into the said account. The passbook or deposit slip, or their equivalent, shall be given to the HSW and remain in his/her custody. The employer shall help the HSW to remit his/her salary through proper banking channels.”","Una, tiyakin na mayroon kang isang talaan ng iyong hindi bayad na suweldo at ang iyong kontrata sa pagtatrabaho.Susunod, iulat ito sa iyong ahensya ng pangangalap.Kung ang iyong ahensya ng pangangalap ay hindi makakatulong sa iyo, iulat ito sa pinakamalapit na Migrant Workers Office (MWO) o Philippine Overseas Labor Office (POLO).Maaari kang mag -text o tawagan ang mga ito.Hanapin ang pinakamalapit na MWO at ang kanilang mga detalye ng contact sa direktoryo-https://owwa.gov.ph/wp-content/uploads/2022/09/directory-of-overseas-posts-for-dissemination.pdf

Tinitiyak ng MWO ang proteksyon ng mga karapatan at nagtataguyod ng kapakanan at interes ng mga manggagawa sa migranteng Pilipino, na tumutulong sa lahat ng mga isyu sa relasyon sa employer.Alalahanin: Ayon sa POEA Standard na kontrata sa pagtatrabaho para sa Pilipinong Serbisyo sa Serbisyo ng Pilipino (HSWS) na nakatali para sa Kaharian ng Saudi Arabia (2013):

""Ang tagapag -empleyo ay magbubukas ng isang account sa bangko para sa HSW sa KSA, napapailalim sa mga panuntunan at regulasyon ng SAMA, at dapat na regular na magdeposito sa bawat katapusan ng buwan ang suweldo ng HSW sa nasabing account.Ang passbook o deposit slip, o ang kanilang katumbas, ay ibibigay sa HSW at manatili sa kanyang pag -iingat.Tutulungan ng employer ang HSW na i -remit ang kanyang suweldo sa pamamagitan ng wastong mga channel sa pagbabangko. """
My employer and agency  said that I should pay for my plane ticket. Is this correct?,Sahod o Wages,Kompensasyon at Mga Benepisyo,Compensation and Benefits,"Sabi ng amo ko at agency dito, na dapat ko daw bayaran ang plane ticket ko,tama po ba ito?","According to the POEA Standard Employment Contract for Filipino Household Service Workers (HSWs) Bound for the Kingdom of Saudi Arabia (2013) there is free transportation to the site of employment and back to the point of origin upon expiration of contract and ensure the worker’s timely repatriation. In case, of termination for reason not attributable to the worker, the employer shall bear the cost of repatriation of the worker to the Philippines.","Ayon sa kontrata ng POEA Standard Employment para sa Filipino Household Service Workers (HSWS) na nakatali para sa Kaharian ng Saudi Arabia (2013)

""Libreng transportasyon sa site ng trabaho at bumalik sa punto ng pinagmulan sa pag -expire ng kontrata at tiyakin na ang napapanahong pagpapabalik ng manggagawa.Sa kaso, ng pagwawakas para sa kadahilanan na hindi naiugnay sa manggagawa, ang employer ay dapat magdala ng gastos ng pagpapabalik ng manggagawa sa Pilipinas. """
,Sahod o Wages,Kompensasyon at Mga Benepisyo,Compensation and Benefits,Sino ang magbabayad para sa aking airfare kung ako ay terminate?,"In case the insured OFW was terminated by his/her employer without any valid cause, or the employee resigns with valid cause, the actual cost of transportation (air fare only) is covered by the Agency-Hired OFW Compulsory Insurance. The proceeds of this benefit go directly to the agency to reimburse the cost of oneway plane ticket back to the Philippines.

To know further, kindly see- https://dmw.gov.ph/archives/laws&rules/files/Insurance_OFW%20FAQs.pdf
","Kung sakaling ang nakaseguro na OFW ay natapos ng kanyang employer nang walang wastong dahilan, o ang empleyado ay nagbitiw na may wastong sanhi, ang aktwal na gastos ng transportasyon (air fare lamang) ay sakop ng ahensya na inupahan ng OFW na sapilitang seguro.Ang mga nalikom ng benepisyo na ito ay diretso sa ahensya upang mabayaran ang gastos ng isang ticket ng eroplano na pabalik sa Pilipinas.

Upang malaman pa, mabait na makita- https://dmw.gov.ph/archives/laws&rules/files/insurance_ofw%20faqs.pdf"
My employer is not giving me food. Is the food allowance included in the contract?,Sahod o Wages,Kompensasyon at Mga Benepisyo,Compensation and Benefits,"Hindi ako binibigyan ng pagkain ng amo ko, ang food allowance ba ay included sa kontrata?","According to the POEA Standard Employment Contract for Filipino Household Service Workers (HSWs) Bound for the Kingdom of Saudi Arabia (2013) :

“ The employer shall provide the household service worker suitable and sanitary living quarters as well as adequate food or equivalent monetary allowance”
","Ayon sa kontrata ng POEA Standard Employment para sa Filipino Household Service Workers (HSWS) na nakatali para sa Kaharian ng Saudi Arabia (2013):

""Ang tagapag -empleyo ay dapat magbigay ng manggagawa sa serbisyo ng sambahayan na angkop at sanitary living quarters pati na rin ang sapat na pagkain o katumbas na allowance ng pananalapi"""
Where is the embassy and MWO/POLO located?,Sahod o Wages,Embassy at Tulong,Embassy and Assistance,Saan ang embassy at MWO/POLO?,"To find the nearest MWO/POLO in your area, please click on this link for the directory: Directory of Overseas Posts - https://owwa.gov.ph/wp-content/uploads/2022/09/DIRECTORY-OF-OVERSEAS-POSTS-For-Dissemination.pdf. Look for the country and location where you are working.","Upang mahanap ang pinakamalapit na MWO/Polo sa iyong lugar, mangyaring mag-click sa link na ito para sa direktoryo: Direktoryo ng mga post sa ibang bansa-https://owwa.gov.ph/wp-content/uploads/2022/09/directory-of-overseas-Posts-for-dissemination.pdf.Maghanap para sa bansa at lokasyon kung saan ka nagtatrabaho."
"What does ""quit claim"" mean?",Sahod o Wages,Pangkalahatang Impormasyon,General Information,Ano ang ibig sabihin ng quit claim?,"When employees receive their final pay, they are typically asked to sign a release and quitclaim form. This form is a formal agreement indicating that the employee has received all owed compensation and waives any future claims against the employer.
REMEMBER, only sign a quit claim if all unpaid salary and other unsettled money claims have been provided to you by your employer or recruitment agency. Signing the quit claim should be done at the POLO/MWO to ensure that your rights are protected and the process follows proper legal procedures. This also ensures that all claims are appropriately addressed and there will be no issues in the future.
","Kapag natanggap ng mga empleyado ang kanilang pangwakas na suweldo, karaniwang hinihiling silang mag -sign isang paglabas at quitclaim form.Ang form na ito ay isang pormal na kasunduan na nagpapahiwatig na ang empleyado ay nakatanggap ng lahat ng may utang na kabayaran at tinanggihan ang anumang mga paghahabol sa hinaharap laban sa employer.
Tandaan, mag -sign lamang ng isang quit claim kung ang lahat ng hindi bayad na suweldo at iba pang hindi nabigo na mga paghahabol sa pera ay ibinigay sa iyo ng iyong employer o ahensya ng pangangalap.Ang pag -sign sa quit claim ay dapat gawin sa POLO/MWO upang matiyak na protektado ang iyong mga karapatan at ang proseso ay sumusunod sa wastong mga ligal na pamamaraan.Tinitiyak din nito na ang lahat ng mga pag -angkin ay naaangkop na natugunan at walang mga isyu sa hinaharap."
"What does ""SENA"" mean?",Sahod o Wages,Pangkalahatang Impormasyon,General Information,Ano ang ibig sabihin ng SENA?,"Civil cases are initially processed through the Single Entry Approach (SEnA) for mandatory conciliation before proceeding to the National Labor Relations Commission (NLRC) or courts. This report focuses on money claims filed by OFWs, such as for unpaid wages and contract violations. These claims, categorized as civil cases, seek compensation for issues like employer abuse, wage non-payment, illegal contract termination, and excessive agency fees. Such claims can be filed in the Philippines against recruitment agencies under joint and solidary liability.","Ang mga kaso ng sibil ay una nang naproseso sa pamamagitan ng solong diskarte sa pagpasok (SENA) para sa ipinag -uutos na pagkakasundo bago magpatuloy sa National Labor Relations Commission (NLRC) o mga korte.Ang ulat na ito ay nakatuon sa mga paghahabol sa pera na isinampa ng mga OFW, tulad ng para sa hindi bayad na sahod at paglabag sa kontrata.Ang mga habol na ito, na ikinategorya bilang mga kaso ng sibil, ay humingi ng kabayaran para sa mga isyu tulad ng pang-aabuso sa employer, hindi bayad na bayad, pagwawakas ng iligal na kontrata, at labis na bayad sa ahensya.Ang nasabing mga pag -aangkin ay maaaring isampa sa Pilipinas laban sa mga ahensya ng recruitment sa ilalim ng magkasanib at solidaryong pananagutan."
"My agency in the Philippines has already closed, who can I file a complaint with?",Sahod o Wages,Pag-aabuso at Pag-uulat,Abuse and Reporting,"Sarado na po ang agency ko sa pinas, sino po ang maaaring ireklamo?","First, kailangan mo na i-check sa Department of Migrant Workers website https://dmw.gov.ph/licensed-recruitment-agencies sa status of the recruitment agency, whether it is licensed, suspended, permanently banned, or closed.

If your recruitment agency has closed and you need to file a complaint related to OFWs, direct it to the Department of Migrant Workers (DMW) in the Philippines. Find the complaints or legal assistance section (https://dmw.gov.ph/archives/AssistWELL/categ/legal.htm). Lastly, follow the instructions to file your complaint, including filling out forms and submitting evidence like contracts, receipts, and communication records.
","Una, ang Kailangan Mo Na I-Check SA Department of Migrant Workers Website https://dmw.gov.ph/licensed-recruitment-agencies SA Katayuan ng ahensya ng recruitment, kung ito ay lisensyado, nasuspinde, permanenteng ipinagbawal, o sarado.

Kung ang iyong ahensya ng pangangalap ay nagsara at kailangan mong mag -file ng isang reklamo na may kaugnayan sa OFWS, idirekta ito sa Kagawaran ng Migrant Workers (DMW) sa Pilipinas.Hanapin ang seksyon ng mga reklamo o ligal na tulong (https://dmw.gov.ph/archives/assistwell/categ/legal.htm).Panghuli, sundin ang mga tagubilin upang mai -file ang iyong reklamo, kabilang ang pagpuno ng mga form at pagsusumite ng katibayan tulad ng mga kontrata, resibo, at mga tala sa komunikasyon."
"I am undocumented, how can I ask for help?",Sahod o Wages,Pag-aabuso at Pag-uulat,Abuse and Reporting,Undocumented po ako paano po ako makakahingi ng tulong?,"Both documented and undocumented Overseas Filipino Workers (OFWs) can ask for help from the Migrant Workers Office (MWO) or Philippine Overseas Labor Office (POLO).
To find the nearest MWO/POLO in your area, please click on this link for the directory: https://owwa.gov.ph/wp-content/uploads/2022/09/DIRECTORY-OF-OVERSEAS-POSTS-For-Dissemination.pdf .Look for the country and location where you are working.
","Parehong dokumentado at undocumented sa ibang bansa na Filipino Workers (OFWS) ay maaaring humingi ng tulong mula sa Migrant Workers Office (MWO) o Philippine Overseas Labor Office (POLO).
Upang mahanap ang pinakamalapit na MWO/Polo sa iyong lugar, mangyaring mag-click sa link na ito para sa direktoryo: https://owwa.gov.ph/wp-content/uploads/2022/09/directory-of-overseas-posts-for-Dissemination.pdf .Look para sa bansa at lokasyon kung saan ka nagtatrabaho."
"I have returned to the Philippines, how do I file a complaint against my recruitment agency?",Repatriation,Pagpapauwi at Mga Reklamo,Repatriation and Complaints,"Nakauwi na po ako pinas, paano mag-file ng reklamo sa akin recruitment agency?","To file a complaint against your recruitment agency as an Overseas Filipino Worker (OFW), follow these steps with the Department of Migrant Workers (DMW):
1.        Visit the DMW Website: https://dmw.gov.ph/
2.        Access the Complaints Section: https://dmw.gov.ph/archives/AssistWELL/categ/legal.htm
3.        Gather Documents: Collect your employment contract, receipts, communication records, and other relevant evidence.
4.        Fill Out Forms: Complete the complaint forms on the DMW website, at the DMW office, or at OWWA regional welfare office  - kindly click this link to locate the nearest office the https://owwa.gov.ph/wp-content/uploads/2022/08/RWOs-Directory-as-of-08262022-2.pdf
5.        Submit Your Complaint: Follow the instructions to submit your complaint online or in person with all required documents.
6.        Follow Up: Regularly check the status of your complaint and provide any additional information if requested.
","Upang mag -file ng isang reklamo laban sa iyong ahensya ng recruitment bilang isang Overseas Filipino Worker (OFW), sundin ang mga hakbang na ito kasama ang Kagawaran ng Migrant Workers (DMW):
1. Bisitahin ang website ng DMW: https://dmw.gov.ph/
2. I -access ang seksyon ng mga reklamo: https://dmw.gov.ph/archives/assistwell/categ/legal.htm
3. Magtipon ng mga dokumento: Kolektahin ang iyong kontrata sa pagtatrabaho, mga resibo, talaan ng komunikasyon, at iba pang nauugnay na katibayan.
4. Punan ang Mga Form: Kumpletuhin ang Mga Form ng Reklamo sa website ng DMW, sa tanggapan ng DMW, o sa Owwa Regional Welfare Office - mabait na i -click ang link na ito upang hanapin ang pinakamalapit na tanggapan ng https://owwa.gov.ph/wp-c -content/uploads/2022/08/rwos-directory-as-of-08262022-2.pdf
5. Isumite ang iyong reklamo: Sundin ang mga tagubilin upang isumite ang iyong reklamo sa online o sa tao na may lahat ng mga kinakailangang dokumento.
6. Sundin: Regular na suriin ang katayuan ng iyong reklamo at magbigay ng anumang karagdagang impormasyon kung hiniling."
What is SENA?,Repatriation,Mga Proseso ng SENA,SENA Procedures,Ano ang SENA?,"Civil cases are initially processed through the Single Entry Approach (SEnA) for mandatory conciliation before proceeding to the National Labor Relations Commission (NLRC) or courts. This report focuses on money claims filed by OFWs, such as for unpaid wages and contract violations. These claims, categorized as civil cases, seek compensation for issues like employer abuse, wage non-payment, illegal contract termination, and excessive agency fees. Such claims can be filed in the Philippines against recruitment agencies under joint and solidary liability.","Ang mga kaso ng sibil ay una nang naproseso sa pamamagitan ng solong diskarte sa pagpasok (SENA) para sa ipinag -uutos na pagkakasundo bago magpatuloy sa National Labor Relations Commission (NLRC) o mga korte.Ang ulat na ito ay nakatuon sa mga paghahabol sa pera na isinampa ng mga OFW, tulad ng para sa hindi bayad na sahod at paglabag sa kontrata.Ang mga habol na ito, na ikinategorya bilang mga kaso ng sibil, ay humingi ng kabayaran para sa mga isyu tulad ng pang-aabuso sa employer, hindi bayad na bayad, pagwawakas ng iligal na kontrata, at labis na bayad sa ahensya.Ang nasabing mga pag -aangkin ay maaaring isampa sa Pilipinas laban sa mga ahensya ng recruitment sa ilalim ng magkasanib at solidaryong pananagutan."
What do I need to bring to SENA?,Repatriation,Mga Proseso ng SENA,SENA Procedures,Ano ang mga kailangan dalhin sa SENA?,"To find out what to bring to the Single Entry Approach (SENA), visit this website and avail of the legal assistance service of the Department of Migrant Workers (DMW):  https://dmw.gov.ph/archives/AssistWELL/categ/legal.htm","Upang malaman kung ano ang dadalhin sa solong diskarte sa pagpasok (SENA), bisitahin ang website na ito at makamit ang ligal na serbisyo ng tulong ng Kagawaran ng Migrant Workers (DMW): https://dmw.gov.ph/archives/assistwell/categ/legal.htm"
Can I bring a lawyer to SENA?,Repatriation,Mga Proseso ng SENA,SENA Procedures,Pwede ba magsama ng lawyer sa SENA?,"Yes, a lawyer can accompany you during the Single Entry Approach (SENA) process as an Overseas Filipino Worker (OFW). However, it is important to note that SENA is designed to be a simplified and non-litigious process aimed at facilitating the resolution of labor disputes. Legal representation is allowed, but it is not mandatory, and the presence of a lawyer may be more common in more complex cases.","Oo, ang isang abogado ay maaaring samahan ka sa panahon ng proseso ng pag -iisang diskarte sa pagpasok (SENA) bilang isang manggagawa sa ibang bansa na Pilipino (OFW).Gayunpaman, mahalagang tandaan na ang SENA ay idinisenyo upang maging isang pinasimple at hindi nakamamanghang proseso na naglalayong mapadali ang paglutas ng mga hindi pagkakaunawaan sa paggawa.Pinapayagan ang ligal na representasyon, ngunit hindi ito sapilitan, at ang pagkakaroon ng isang abogado ay maaaring maging mas karaniwan sa mas kumplikadong mga kaso."
What is a money claim?,Repatriation,Mga Claim sa Pera,Money Claims,Ano ang money claims?,"Money claim a demand for payment of a sum of money, reimbursement or compensation","Ang pera ay nag -aangkin ng isang demand para sa pagbabayad ng isang kabuuan ng pera, pagbabayad o kabayaran"
Where can i file money claim?,Repatriation,Mga Claim sa Pera,Money Claims,Saan ako pwede magfile ng money claims?,,Nan
I did not finish my contract with my employer because of the abuse. what to do?,Repatriation,Pag-aabuso at Pagpapauwi,Abuse and Repatriation,Hindi ko natapos ang kontrata ko sa aking employer dahil sa pang aabuso. ano ang gagawin?,"1. Document the events: Write or record the details of the abuse you experienced. Enter dates, times, and events in detail. 2. If you have a legitimate basis, you can submit a complaint to the Department of Migrant Workers (DMW) You must submit all documents and evidence that can prove your complaint. 3. Contact a lawyer who specializes in labor law. A lawyer can give you legal advice and help with next steps. 4. You can file a complaint against your employer at the DMW for disciplinary action against employer or (DAE)","1. I -dokumento ang mga kaganapan: isulat o itala ang mga detalye ng pang -aabuso na iyong naranasan.Ipasok nang detalyado ang mga petsa, oras, at mga kaganapan.2. Kung mayroon kang isang lehitimong batayan, maaari kang magsumite ng isang reklamo sa Kagawaran ng Migrant Workers (DMW) dapat mong isumite ang lahat ng mga dokumento at katibayan na maaaring patunayan ang iyong reklamo.3. Makipag -ugnay sa isang abogado na dalubhasa sa batas sa paggawa.Ang isang abogado ay maaaring magbigay sa iyo ng ligal na payo at tulong sa mga susunod na hakbang.4. Maaari kang mag -file ng isang reklamo laban sa iyong employer sa DMW para sa disiplina na aksyon laban sa employer o (DAE)"
What is the process for filing money claims with the NLRC,Repatriation,Mga Claim sa Pera,Money Claims,Ano ang proseso sa pagfile ng money claims sa NLRC?,Center for Migrant Answer to include answer for this question. ,Center para sa migranteng sagot upang isama ang sagot para sa tanong na ito.
What is the prescriptive period og money claims,Repatriation,Mga Claim sa Pera,Money Claims,Ano ang prescriptive period ng money claims?,prescriptive period for filing a claim is three years from the date the cause of action accrued,Panahon ng prescriptive para sa pag -file ng isang paghahabol ay tatlong taon mula sa petsa na ang sanhi ng pagkilos na naipon
What is a joint and solidary liability,Repatriation,Mga Claim sa Pera,Money Claims,Ano ang joint and solidary liability?,"as a private employment agency, such agencies must “assume joint and solidary liability with the employer for all claims and liabilities which may arise in connection with the implementation of the contract, including but not limited to payment of wages, death and disability, compensation and repatriation","Bilang isang pribadong ahensya ng pagtatrabaho, ang mga nasabing ahensya ay dapat ""ipagpalagay ang magkasanib at matatag na pananagutan sa employer para sa lahat ng mga paghahabol at pananagutan na maaaring lumitaw na may kaugnayan sa pagpapatupad ng kontrata, kabilang ang ngunit hindi limitado sa pagbabayad ng sahod, kamatayan at kapansanan, kabayaran atRepatriation"
What is the Compulsory Insurance Coverage for Agency-Hired Migrant Workers?,Repatriation,Saklaw ng Seguro,Insurance Coverage,Ano ang Compulsory Insurance Coverage for Agency-Hired Migrant Workers?,"The Agency-Hired OFW Compulsory Insurance or the Compulsory Insurance Coverage for Agency-Hired Migrant Workers, is an insurance mechanism made available by the law to provide insurance protection for the OFWs.","Ang ahensya na tinanggap ng OFW na sapilitang seguro o ang sapilitang saklaw ng seguro para sa mga manggagawa na inupahan ng ahensya, ay isang mekanismo ng seguro na magagamit ng batas upang magbigay ng proteksyon ng seguro para sa mga OFW."
Who are covered by the Agency-Hired OFW Compulsory Insurance?,Repatriation,Saklaw ng Seguro,Insurance Coverage,Sino ang sakop ng Agency-Hired OFW Compulsory Insurance?,"The Agency-Hired OFW Compulsory Insurance is mandatory for agency-hired OFWs. It is not mandatory for direct-hired, name-hired, or re-hired OFWs. If interested they can also avail of this insurance.","Ang ahensya na tinanggap ng OFW sapilitang seguro ay sapilitan para sa mga tinanggap ng ahensya ng OFW.Hindi ito ipinag-uutos para sa direktang inupahan, pinatay, o muling tinanggap ng mga OFW.Kung interesado maaari rin silang makinabang sa seguro na ito."
What are the benefits and coverages of the Agency-Hired OFW Compulsory Insurance?,Repatriation,Saklaw ng Seguro,Insurance Coverage,Ano-ano ang mga benefits at coverages ng Agency-Hired OFW Compulsory Insurance?,"(1)Accidental Death Benefit (USD15,000); (2)Natural Death Benefit (USD10,000); (3)Permanent Total Disablement Benefit (USD7,500) ;(4)Repatriation Cost Benefit (Actual Cost); (5)Subsistence Allowance Benefit (USD 100.00 per month for a
maximum of six (6) months)
; (6)Money Claims Benefit (Three (3) months for every year of employment contract with amaximum of USD 1,000.00 per month); (7)Compassionate Visit Benefit (Actual Cost); (8) Medical Evacuation Benefit (Actual Cost); (9)Medical Repatriation Benefit (Actual Cost)","(1) hindi sinasadyang benepisyo sa kamatayan (USD15,000);(2) natural na benepisyo sa kamatayan (USD10,000);.(5) benepisyo ng allowance ng subsistence (USD 100.00 bawat buwan para sa a
maximum ng anim (6) buwan)
;(6) ang mga paghahabol sa pera ay nakikinabang (tatlong (3) buwan para sa bawat taon ng kontrata sa pagtatrabaho na may amaximum ng USD 1,000.00 bawat buwan);(7) mahabagin na pagbisita sa benepisyo (aktwal na gastos);(8) benepisyo sa paglisan ng medikal (aktwal na gastos);(9) benepisyo sa pagpapabalik sa medisina (aktwal na gastos)"
,Repatriation,Embassy at Tulong,Embassy and Assistance,May immediate access ka ba sa pinakamalapit na embahada o konsulado ng Pilipinas?,You may access list of Foreign Service Posts - https://dfa.gov.ph/about/dfa-directory/our-foreign-service-posts-dfa,Maaari mong ma-access ang listahan ng mga post sa serbisyo ng dayuhan-https://dfa.gov.ph/about/dfa-directory/our-foreign-service-posts-dfa
,Repatriation,Serbisyo ng OWWA,OWWA Support Services,Gusto mo bang malaman ang support services na ibinibigay ng OWWA?,Link to OWWA's  Programs and Services - https://owwa.gov.ph/#,Mag -link sa mga programa at serbisyo ng OWWA - https://owwa.gov.ph/#
,Repatriation,Embassy at Tulong,Embassy and Assistance,Kailangan mo ba ng contact information para sa mga opisina ng MWO?,"
DMW HOTLINES 24/7
8-722-1144
8-722-1155","DMW Hotlines 24/7
8-722-1144
8-722-1155"
,Repatriation,Membership ng OWWA,OWWA Membership,Ikaw ba ay isang active OWWA member?,Download and register thru OWWA Mobile App,I -download at irehistro ang thru owwa mobile app
